"Date","Amount","Description","Category","User"
"2016-03-13",21.12,"Description352","Category5","User1"
"2016-03-14",32.36,"Description186","Category2","User1"
"2016-03-14",36.85,"Description194","Category1","User1"
"2016-03-14",16.34,"Description209","Category2","User1"
"2016-03-15",20.73,"Description316","Category2","User1"
"2016-03-16",11.42,"Description187","Category2","User1"
"2016-03-19",28,"Description326","Category4","User1"
"2016-03-20",35.42,"Description421","Category4","User1"
"2016-03-20",30.16,"Description428","Category2","User1"
"2016-03-26",32.61,"Description134","Category5","User1"
"2016-03-26",34,"Description299","Category2","User1"
"2016-03-26",18.23,"Description316","Category2","User1"
"2016-03-29",50,"Description287","Category6","User1"
"2016-03-29",25.95,"Description408","Category5","User1"
"2016-04-02",71,"Description263","Category4","User1"
"2016-04-03",5.25,"Description307","Category1","User1"
"2016-04-03",44.99,"Description461","Category1","User1"
"2016-04-04",4.65,"Description451","Category6","User1"
"2016-04-07",8.75,"Description333","Category4","User1"
"2016-04-08",16.95,"Description331","Category4","User1"
"2016-04-08",296.2,"Description449","Category6","User1"
"2016-04-11",1.15,"Description451","Category6","User1"
"2016-04-14",7.68,"Description195","Category1","User1"
"2016-04-17",21.29,"Description395","Category4","User1"
"2016-04-19",797.24,"Description344","Category6","User1"
"2016-04-21",8.5,"Description123","Category4","User1"
"2016-04-22",100.09,"Description344","Category6","User1"
"2016-04-22",3.77,"Description451","Category6","User1"
"2016-04-29",11.77,"Description101","Category4","User1"
"2016-05-14",34.91,"Description196","Category1","User1"
"2016-06-01",3.75,"Description343","Category4","User1"
"2016-06-02",17.24,"Description379","Category4","User1"
"2016-06-04",8.83,"Description390","Category4","User1"
"2016-06-05",20,"Description68","Category4","User1"
"2016-06-05",9.95,"Description96","Category4","User1"
"2016-06-06",44.99,"Description462","Category1","User1"
"2016-06-08",18,"Description211","Category4","User1"
"2016-06-08",21.26,"Description479","Category4","User1"
"2016-06-09",9.2,"Description399","Category4","User1"
"2016-06-10",4.91,"Description275","Category4","User1"
"2016-06-11",7,"Description114","Category4","User1"
"2016-06-12",7.74,"Description416","Category4","User1"
"2016-06-12",9,"Description265","Category4","User1"
"2016-06-13",23,"Description372","Category4","User1"
"2016-06-14",109.5,"Description198","Category1","User1"
"2016-06-14",18,"Description304","Category4","User1"
"2016-06-16",8.54,"Description392","Category4","User1"
"2016-06-17",35,"Description257","Category4","User1"
"2016-06-18",7.81,"Description252","Category4","User1"
"2016-06-18",5.64,"Description336","Category4","User1"
"2016-06-18",36.95,"Description375","Category5","User1"
"2016-06-18",16.61,"Description436","Category4","User1"
"2016-06-20",6.62,"Description392","Category4","User1"
"2016-06-21",8.07,"Description337","Category4","User1"
"2016-06-21",17.25,"Description436","Category4","User1"
"2016-06-23",25.99,"Description249","Category4","User1"
"2016-06-24",35,"Description334","Category4","User1"
"2016-06-24",5,"Description455","Category4","User1"
"2016-06-25",8.91,"Description266","Category4","User1"
"2016-06-27",32.92,"Description402","Category5","User1"
"2016-06-28",11,"Description326","Category4","User1"
"2016-06-28",7.09,"Description366","Category4","User1"
"2016-06-29",42.97,"Description401","Category5","User1"
"2016-07-04",40,"Description364","Category4","User1"
"2016-07-11",8.03,"Description439","Category6","User1"
"2016-07-12",7.41,"Description331","Category4","User1"
"2016-07-14",31.49,"Description199","Category1","User1"
"2016-07-23",13.92,"Description401","Category5","User1"
"2016-07-23",120.58,"Description444","Category6","User1"
"2016-07-24",9.65,"Description177","Category5","User1"
"2016-07-25",10.6,"Description312","Category4","User1"
"2016-07-27",30.31,"Description473","Category2","User1"
"2016-07-29",5.18,"Description278","Category4","User1"
"2016-07-29",60.77,"Description299","Category2","User1"
"2016-08-02",109.82,"Description467","Category2","User1"
"2016-08-07",10.99,"Description473","Category2","User1"
"2016-08-08",49.67,"Description72","Category5","User1"
"2016-08-08",44.99,"Description463","Category1","User1"
"2016-08-09",13.52,"Description293","Category4","User1"
"2016-08-10",13.97,"Description473","Category2","User1"
"2016-08-12",10.56,"Description473","Category2","User1"
"2016-08-14",45.5,"Description197","Category1","User1"
"2016-08-19",40.94,"Description299","Category2","User1"
"2016-08-21",863.59,"Description449","Category6","User1"
"2016-08-24",13.74,"Description138","Category2","User1"
"2016-08-26",47.33,"Description464","Category1","User1"
"2016-09-03",55.99,"Description73","Category5","User1"
"2016-09-09",7.42,"Description339","Category4","User1"
"2016-09-14",39.42,"Description200","Category1","User1"
"2016-09-18",42,"Description109","Category4","User1"
"2016-09-19",10.43,"Description473","Category2","User1"
"2016-09-21",13.65,"Description183","Category4","User1"
"2016-09-21",43.74,"Description301","Category2","User1"
"2016-09-22",8.75,"Description363","Category4","User1"
"2016-09-24",35,"Description414","Category4","User1"
"2016-09-28",27.75,"Description301","Category2","User1"
"2016-10-04",11.18,"Description293","Category4","User1"
"2016-10-04",8.85,"Description394","Category4","User1"
"2016-10-04",21.49,"Description430","Category2","User1"
"2016-10-05",10.44,"Description119","Category4","User1"
"2016-10-05",49.99,"Description465","Category1","User1"
"2016-10-06",13.98,"Description143","Category2","User1"
"2016-10-06",8.75,"Description363","Category4","User1"
"2016-10-06",2.58,"Description473","Category2","User1"
"2016-10-07",13.52,"Description293","Category4","User1"
"2016-10-12",11.31,"Description428","Category2","User1"
"2016-10-14",38.33,"Description202","Category1","User1"
"2016-10-15",16.34,"Description411","Category2","User1"
"2016-10-22",34.31,"Description430","Category2","User1"
"2016-10-23",11.18,"Description293","Category4","User1"
"2016-10-26",6.22,"Description274","Category4","User1"
"2016-10-27",36.34,"Description126","Category4","User1"
"2016-10-27",9.45,"Description385","Category4","User1"
"2016-10-28",24,"Description206","Category4","User1"
"2016-10-28",10.48,"Description433","Category2","User1"
"2016-10-29",3.31,"Description280","Category4","User1"
"2016-11-01",30,"Description253","Category4","User1"
"2016-11-04",49.99,"Description458","Category1","User1"
"2016-11-07",11.18,"Description293","Category4","User1"
"2016-11-08",14.6,"Description430","Category2","User1"
"2016-11-09",77.49,"Description467","Category2","User1"
"2016-11-11",6.25,"Description255","Category4","User1"
"2016-11-12",9.54,"Description294","Category4","User1"
"2016-11-14",94.3,"Description201","Category1","User1"
"2016-11-15",8.75,"Description363","Category4","User1"
"2016-11-21",11.18,"Description293","Category4","User1"
"2016-11-27",35,"Description61","Category4","User1"
"2016-11-27",155.35,"Description467","Category2","User1"
"2016-11-29",49.98,"Description75","Category5","User1"
"2016-11-29",11.5,"Description119","Category4","User1"
"2016-11-30",13.1,"Description430","Category2","User1"
"2016-12-02",49.99,"Description459","Category1","User1"
"2016-12-04",14.42,"Description473","Category2","User1"
"2016-12-06",33,"Description269","Category4","User1"
"2016-12-06",11.18,"Description293","Category4","User1"
"2016-12-12",4.24,"Description369","Category2","User1"
"2016-12-12",15.53,"Description411","Category2","User1"
"2016-12-14",73.65,"Description203","Category1","User1"
"2016-12-14",8.75,"Description363","Category4","User1"
"2016-12-14",13.32,"Description384","Category2","User1"
"2016-12-16",5.29,"Description143","Category2","User1"
"2016-12-17",11.18,"Description293","Category4","User1"
"2016-12-17",28.76,"Description425","Category2","User1"
"2016-12-21",73.53,"Description64","Category5","User1"
"2016-12-21",20.03,"Description284","Category2","User1"
"2016-12-22",8.71,"Description411","Category2","User1"
"2016-12-26",18.24,"Description412","Category5","User1"
"2016-12-27",48.46,"Description425","Category2","User1"
"2016-12-29",7.26,"Description338","Category4","User1"
"2016-12-30",5.65,"Description473","Category2","User1"
"2016-12-31",29.94,"Description369","Category2","User1"
"2017-01-03",2.37,"Description74","Category5","User1"
"2017-01-03",49.99,"Description460","Category1","User1"
"2017-01-04",10.57,"Description302","Category5","User1"
"2017-01-04",5.98,"Description369","Category2","User1"
"2017-01-05",116.99,"Description320","Category5","User1"
"2017-01-05",1.95,"Description342","Category5","User1"
"2017-01-06",62.1,"Description398","Category5","User1"
"2017-01-08",13.3,"Description183","Category4","User1"
"2017-01-09",17.99,"Description77","Category5","User1"
"2017-01-10",27.35,"Description369","Category2","User1"
"2017-01-11",34.95,"Description76","Category5","User1"
"2017-01-11",14.24,"Description369","Category2","User1"
"2017-01-12",9.93,"Description118","Category4","User1"
"2017-01-13",5.99,"Description450","Category5","User1"
"2017-01-14",63.06,"Description204","Category1","User1"
"2017-01-14",15.36,"Description269","Category4","User1"
"2017-01-18",2.5,"Description369","Category2","User1"
"2017-01-17",6.38,"Description359","Category3","User2"
"2017-01-13",744.5,"Description12","Category3","User2"
"2016-12-30",746.97,"Description12","Category3","User2"
"2016-12-23",278.13,"Description25","Category1","User2"
"2016-12-16",746.97,"Description12","Category3","User2"
"2016-12-07",0.12,"Description60","Category1","User2"
"2016-12-07",0.21,"Description60","Category1","User2"
"2016-12-07",0.12,"Description17","Category3","User2"
"2016-12-07",0.21,"Description17","Category3","User2"
"2016-12-05",1425,"Description57","Category1","User2"
"2016-12-02",746.97,"Description12","Category3","User2"
"2016-11-29",508.14,"Description19","Category1","User2"
"2016-11-18",746.97,"Description12","Category3","User2"
"2016-11-04",791.53,"Description12","Category3","User2"
"2016-11-03",15,"Description477","Category6","User2"
"2016-11-03",757.19,"Description475","Category3","User2"
"2016-10-24",30,"Description155","Category6","User2"
"2016-10-21",746.97,"Description12","Category3","User2"
"2016-10-17",405.46,"Description21","Category1","User2"
"2016-10-17",45.05,"Description193","Category1","User2"
"2016-10-11",30.18,"Description349","Category6","User2"
"2016-10-11",7.55,"Description248","Category6","User2"
"2016-10-07",746.97,"Description12","Category3","User2"
"2016-10-05",30.95,"Description438","Category6","User2"
"2016-10-04",1425,"Description55","Category1","User2"
"2016-10-04",2.49,"Description224","Category5","User2"
"2016-10-04",2,"Description244","Category5","User2"
"2016-10-04",82.98,"Description235","Category5","User2"
"2016-09-26",785.47,"Description27","Category1","User2"
"2016-09-23",746.97,"Description12","Category3","User2"
"2016-09-19",38.46,"Description193","Category1","User2"
"2016-09-12",200,"Description289","Category3","User2"
"2016-09-09",746.97,"Description12","Category3","User2"
"2016-09-07",106.47,"Description28","Category1","User2"
"2016-09-07",427.5,"Description58","Category1","User2"
"2016-09-06",9.87,"Description410","Category2","User2"
"2016-08-26",746.97,"Description12","Category3","User2"
"2016-08-25",10.39,"Description131","Category2","User2"
"2016-08-25",1073.94,"Description289","Category3","User2"
"2016-08-24",40,"Description155","Category6","User2"
"2016-08-24",8.5,"Description380","Category5","User2"
"2016-08-23",104.17,"Description361","Category3","User2"
"2016-08-22",8.99,"Description314","Category2","User2"
"2016-08-19",158.95,"Description26","Category1","User2"
"2016-08-19",34.15,"Description314","Category2","User2"
"2016-08-17",40.41,"Description193","Category1","User2"
"2016-08-12",760.38,"Description448","Category6","User2"
"2016-08-12",1033.22,"Description12","Category3","User2"
"2016-08-11",7,"Description176","Category6","User2"
"2016-08-08",21.81,"Description83","Category4","User2"
"2016-08-08",20.85,"Description431","Category2","User2"
"2016-08-08",35.17,"Description315","Category2","User2"
"2016-08-08",10.34,"Description131","Category2","User2"
"2016-08-08",48.66,"Description298","Category2","User2"
"2016-08-04",1425,"Description56","Category1","User2"
"2016-08-04",5.92,"Description288","Category5","User2"
"2016-08-03",700.88,"Description11","Category3","User2"
"2016-08-01",44.25,"Description314","Category2","User2"
"2016-07-29",1033.22,"Description12","Category3","User2"
"2016-07-28",42,"Description478","Category4","User2"
"2016-07-27",100,"Description91","Category5","User2"
"2016-07-27",60,"Description289","Category3","User2"
"2016-07-25",160,"Description268","Category4","User2"
"2016-07-22",7,"Description306","Category1","User2"
"2016-07-18",75.4,"Description20","Category1","User2"
"2016-07-18",33.81,"Description193","Category1","User2"
"2016-07-15",1033.22,"Description12","Category3","User2"
"2016-07-12",600,"Description289","Category3","User2"
"2016-07-05",7,"Description306","Category1","User2"
"2016-07-05",3.5,"Description306","Category1","User2"
"2016-07-05",27.23,"Description208","Category2","User2"
"2016-07-01",1033.22,"Description12","Category3","User2"
"2016-06-28",6.03,"Description365","Category4","User2"
"2016-06-28",12.7,"Description256","Category5","User2"
"2016-06-27",4.19,"Description147","Category4","User2"
"2016-06-24",10.89,"Description208","Category2","User2"
"2016-06-23",5.1,"Description130","Category6","User2"
"2016-06-21",27.29,"Description185","Category2","User2"
"2016-06-17",12.2,"Description193","Category1","User2"
"2016-06-17",568.73,"Description12","Category3","User2"
"2016-06-16",20,"Description478","Category4","User2"
"2016-06-15",3.91,"Description147","Category4","User2"
"2016-06-15",2.07,"Description147","Category4","User2"
"2016-06-15",20.4,"Description225","Category6","User2"
"2016-06-14",7,"Description306","Category1","User2"
"2016-06-08",76.95,"Description11","Category3","User2"
"2016-06-06",1278.34,"Description40","Category1","User2"
"2016-06-03",746.97,"Description12","Category3","User2"
"2016-05-31",25,"Description82","Category6","User2"
"2016-05-31",10.55,"Description4","Category4","User2"
"2016-05-31",24.34,"Description315","Category2","User2"
"2016-05-31",7,"Description306","Category1","User2"
"2016-05-31",19.35,"Description471","Category2","User2"
"2016-05-31",8,"Description210","Category5","User2"
"2016-05-31",8.71,"Description466","Category2","User2"
"2016-05-31",4.51,"Description219","Category5","User2"
"2016-05-31",2,"Description239","Category5","User2"
"2016-05-31",150.28,"Description232","Category5","User2"
"2016-05-27",12,"Description413","Category4","User2"
"2016-05-26",16,"Description373","Category4","User2"
"2016-05-26",11.01,"Description325","Category4","User2"
"2016-05-25",218.14,"Description24","Category1","User2"
"2016-05-24",8.97,"Description260","Category4","User2"
"2016-05-24",7.95,"Description105","Category4","User2"
"2016-05-23",236.96,"Description65","Category6","User2"
"2016-05-23",236.86,"Description356","Category3","User2"
"2016-05-20",296.4,"Description81","Category6","User2"
"2016-05-20",236.86,"Description65","Category6","User2"
"2016-05-20",746.97,"Description12","Category3","User2"
"2016-05-19",39.5,"Description102","Category6","User2"
"2016-05-19",4,"Description175","Category6","User2"
"2016-05-18",7,"Description306","Category1","User2"
"2016-05-10",30.59,"Description135","Category5","User2"
"2016-05-06",791.53,"Description12","Category3","User2"
"2016-05-05",500,"Description289","Category3","User2"
"2016-05-03",44.99,"Description350","Category1","User2"
"2016-05-02",2.01,"Description147","Category4","User2"
"2016-04-28",6.1,"Description147","Category4","User2"
"2016-04-28",2.39,"Description147","Category4","User2"
"2016-04-27",96.82,"Description23","Category1","User2"
"2016-04-25",1.75,"Description306","Category1","User2"
"2016-04-22",746.97,"Description12","Category3","User2"
"2016-04-19",147.84,"Description18","Category1","User2"
"2016-04-18",38.5,"Description193","Category1","User2"
"2016-04-15",6.05,"Description314","Category2","User2"
"2016-04-08",746.97,"Description12","Category3","User2"
"2016-04-06",129,"Description14","Category3","User2"
"2016-04-04",1304.95,"Description46","Category1","User2"
"2016-03-30",141.48,"Description22","Category1","User2"
"2016-03-30",6.1,"Description147","Category4","User2"
"2016-03-28",24.61,"Description133","Category5","User2"
"2016-03-25",746.97,"Description12","Category3","User2"
"2016-03-21",11,"Description325","Category4","User2"
"2016-03-21",7,"Description413","Category4","User2"
"2016-03-18",5.94,"Description341","Category4","User2"
"2016-03-18",2.17,"Description341","Category4","User2"
"2016-03-17",39.37,"Description193","Category1","User2"
"2016-03-16",33.84,"Description62","Category5","User2"
"2016-03-15",7,"Description306","Category1","User2"
"2016-03-15",3.5,"Description306","Category1","User2"
"2016-03-11",746.97,"Description12","Category3","User2"
"2016-03-08",1308.4,"Description39","Category1","User2"
"2016-03-07",7.41,"Description305","Category2","User2"
"2016-02-29",20,"Description161","Category6","User2"
"2016-02-26",6.1,"Description147","Category4","User2"
"2016-02-26",746.97,"Description12","Category3","User2"
"2016-02-22",7,"Description306","Category1","User2"
"2016-02-22",5.25,"Description306","Category1","User2"
"2016-02-18",6.1,"Description147","Category4","User2"
"2016-02-18",77.9,"Description185","Category2","User2"
"2016-02-17",33.76,"Description205","Category1","User2"
"2016-02-16",46,"Description180","Category1","User2"
"2016-02-16",19.06,"Description185","Category2","User2"
"2016-02-12",9.01,"Description271","Category4","User2"
"2016-02-12",746.97,"Description12","Category3","User2"
"2016-02-08",83.61,"Description185","Category2","User2"
"2016-02-08",50,"Description354","Category4","User2"
"2016-02-08",44.91,"Description303","Category5","User2"
"2016-02-08",30,"Description172","Category6","User2"
"2016-02-08",6.1,"Description147","Category4","User2"
"2016-02-03",44.99,"Description350","Category1","User2"
"2016-02-03",5.25,"Description147","Category4","User2"
"2016-02-02",641,"Description42","Category1","User2"
"2016-02-02",422.71,"Description445","Category1","User2"
"2016-02-02",8.45,"Description445","Category1","User2"
"2016-02-02",6.05,"Description147","Category4","User2"
"2016-02-02",2.39,"Description147","Category4","User2"
"2016-02-02",27.25,"Description214","Category4","User2"
"2016-02-01",3.5,"Description306","Category1","User2"
"2016-02-01",10.98,"Description99","Category4","User2"
"2016-02-01",30,"Description159","Category6","User2"
"2016-02-01",7.39,"Description3","Category5","User2"
"2016-01-29",746.97,"Description12","Category3","User2"
"2016-01-29",1967.15,"Description289","Category3","User2"
"2016-01-28",4.73,"Description185","Category2","User2"
"2016-01-28",230,"Description289","Category3","User2"
"2016-01-27",25.95,"Description214","Category4","User2"
"2016-01-26",13.59,"Description179","Category1","User2"
"2016-01-21",6.31,"Description103","Category5","User2"
"2016-01-21",42.94,"Description185","Category2","User2"
"2016-01-19",55.67,"Description144","Category5","User2"
"2016-01-19",56.85,"Description471","Category2","User2"
"2016-01-19",22.07,"Description371","Category4","User2"
"2016-01-19",3.82,"Description205","Category1","User2"
"2016-01-19",20.05,"Description163","Category6","User2"
"2016-01-19",10.99,"Description98","Category4","User2"
"2016-01-19",14.29,"Description185","Category2","User2"
"2016-01-15",67.99,"Description185","Category2","User2"
"2016-01-15",44.44,"Description407","Category5","User2"
"2016-01-15",746.97,"Description12","Category3","User2"
"2016-01-12",5.48,"Description104","Category4","User2"
"2016-01-11",28,"Description419","Category4","User2"
"2016-01-11",13.5,"Description382","Category4","User2"
"2016-01-11",6.48,"Description212","Category4","User2"
"2016-01-11",10,"Description290","Category6","User2"
"2016-01-08",5.25,"Description306","Category1","User2"
"2016-01-05",113.5,"Description102","Category6","User2"
"2016-01-04",651,"Description45","Category1","User2"
"2016-01-04",7.11,"Description389","Category4","User2"
"2016-01-04",15.25,"Description208","Category2","User2"
"2015-12-31",748.53,"Description12","Category3","User2"
"2015-12-30",63.84,"Description315","Category2","User2"
"2015-12-30",8,"Description5","Category2","User2"
"2015-12-28",25.4,"Description405","Category5","User2"
"2015-12-28",60.79,"Description403","Category5","User2"
"2015-12-21",76.25,"Description315","Category2","User2"
"2015-12-21",8.03,"Description151","Category4","User2"
"2015-12-21",7.99,"Description348","Category1","User2"
"2015-12-18",748.53,"Description12","Category3","User2"
"2015-12-17",35.23,"Description205","Category1","User2"
"2015-12-15",36,"Description264","Category4","User2"
"2015-12-14",39.16,"Description108","Category4","User2"
"2015-12-14",7,"Description306","Category1","User2"
"2015-12-14",23.96,"Description305","Category2","User2"
"2015-12-10",10.59,"Description191","Category5","User2"
"2015-12-07",62.02,"Description185","Category2","User2"
"2015-12-04",7.3,"Description147","Category4","User2"
"2015-12-04",748.53,"Description12","Category3","User2"
"2015-12-03",648.49,"Description38","Category1","User2"
"2015-12-03",44.99,"Description350","Category1","User2"
"2015-12-02",369.94,"Description191","Category5","User2"
"2015-12-02",5.29,"Description147","Category4","User2"
"2015-11-30",30,"Description157","Category6","User2"
"2015-11-23",48.3,"Description351","Category1","User2"
"2015-11-23",7.42,"Description340","Category4","User2"
"2015-11-23",4.08,"Description147","Category4","User2"
"2015-11-20",8.43,"Description396","Category4","User2"
"2015-11-20",748.53,"Description12","Category3","User2"
"2015-11-19",7.99,"Description348","Category1","User2"
"2015-11-19",7,"Description306","Category1","User2"
"2015-11-19",81.54,"Description106","Category5","User2"
"2015-11-19",9.38,"Description420","Category5","User2"
"2015-11-12",16.87,"Description185","Category2","User2"
"2015-11-10",7.62,"Description147","Category4","User2"
"2015-11-10",900,"Description88","Category3","User2"
"2015-11-09",24.19,"Description152","Category4","User2"
"2015-11-09",7,"Description306","Category1","User2"
"2015-11-09",1.75,"Description306","Category1","User2"
"2015-11-06",791.43,"Description12","Category3","User2"
"2015-11-05",47.92,"Description185","Category2","User2"
"2015-11-03",654.79,"Description41","Category1","User2"
"2015-11-03",7.09,"Description147","Category4","User2"
"2015-11-02",9.8,"Description208","Category2","User2"
"2015-10-28",7.21,"Description310","Category4","User2"
"2015-10-27",48.3,"Description351","Category1","User2"
"2015-10-26",5.44,"Description423","Category5","User2"
"2015-10-23",8.57,"Description147","Category4","User2"
"2015-10-23",748.53,"Description12","Category3","User2"
"2015-10-21",3.5,"Description306","Category1","User2"
"2015-10-19",7.99,"Description348","Category1","User2"
"2015-10-19",8.97,"Description415","Category2","User2"
"2015-10-19",59,"Description86","Category4","User2"
"2015-10-19",11.25,"Description250","Category4","User2"
"2015-10-13",78.32,"Description457","Category1","User2"
"2015-10-13",7.9,"Description271","Category4","User2"
"2015-10-13",17.51,"Description185","Category2","User2"
"2015-10-13",105,"Description88","Category3","User2"
"2015-10-09",1348.53,"Description12","Category3","User2"
"2015-10-05",662.73,"Description44","Category1","User2"
"2015-10-02",3.69,"Description185","Category2","User2"
"2015-10-02",56.55,"Description185","Category2","User2"
"2015-09-29",1397.22,"Description251","Category6","User2"
"2015-09-29",48.3,"Description351","Category1","User2"
"2015-09-28",7,"Description306","Category1","User2"
"2015-09-28",1.75,"Description306","Category1","User2"
"2015-09-28",142.91,"Description62","Category5","User2"
"2015-09-28",32.68,"Description208","Category2","User2"
"2015-09-28",57.69,"Description185","Category2","User2"
"2015-09-25",748.53,"Description12","Category3","User2"
"2015-09-23",422.71,"Description446","Category1","User2"
"2015-09-23",8.45,"Description446","Category1","User2"
"2015-09-21",7.99,"Description348","Category1","User2"
"2015-09-21",7,"Description306","Category1","User2"
"2015-09-21",3.5,"Description306","Category1","User2"
"2015-09-21",14.5,"Description121","Category4","User2"
"2015-09-21",36,"Description107","Category5","User2"
"2015-09-21",10.89,"Description208","Category2","User2"
"2015-09-21",11.98,"Description208","Category2","User2"
"2015-09-21",100,"Description93","Category5","User2"
"2015-09-21",500,"Description88","Category3","User2"
"2015-09-16",2.24,"Description246","Category6","User2"
"2015-09-15",6,"Description271","Category4","User2"
"2015-09-15",3.06,"Description147","Category4","User2"
"2015-09-15",7.21,"Description208","Category2","User2"
"2015-09-15",27,"Description358","Category3","User2"
"2015-09-14",63.02,"Description129","Category5","User2"
"2015-09-14",72.22,"Description185","Category2","User2"
"2015-09-14",12.4,"Description404","Category5","User2"
"2015-09-14",7.35,"Description124","Category4","User2"
"2015-09-14",3.01,"Description323","Category4","User2"
"2015-09-11",2,"Description242","Category5","User2"
"2015-09-11",0.82,"Description222","Category5","User2"
"2015-09-11",27.39,"Description229","Category5","User2"
"2015-09-11",748.53,"Description12","Category3","User2"
"2015-09-10",3.13,"Description217","Category5","User2"
"2015-09-10",2,"Description237","Category5","User2"
"2015-09-10",104.46,"Description230","Category5","User2"
"2015-09-09",15.27,"Description226","Category4","User2"
"2015-09-03",13,"Description116","Category4","User2"
"2015-09-03",6.1,"Description221","Category5","User2"
"2015-09-03",2,"Description241","Category5","User2"
"2015-09-03",203.34,"Description233","Category5","User2"
"2015-09-02",3.06,"Description216","Category5","User2"
"2015-09-02",2,"Description236","Category5","User2"
"2015-09-02",101.98,"Description227","Category5","User2"
"2015-09-01",670.13,"Description43","Category1","User2"
"2015-09-01",5.29,"Description147","Category4","User2"
"2015-08-31",48.3,"Description351","Category1","User2"
"2015-08-31",31.59,"Description208","Category2","User2"
"2015-08-31",61.55,"Description185","Category2","User2"
"2015-08-31",1967.15,"Description88","Category3","User2"
"2015-08-28",40,"Description469","Category6","User2"
"2015-08-28",748.53,"Description12","Category3","User2"
"2015-08-27",20,"Description468","Category6","User2"
"2015-08-26",15,"Description447","Category2","User2"
"2015-08-26",4.19,"Description247","Category6","User2"
"2015-08-26",6.79,"Description136","Category2","User2"
"2015-08-24",30,"Description469","Category6","User2"
"2015-08-24",12.97,"Description328","Category4","User2"
"2015-08-20",1221,"Description1","Category1","User2"
"2015-08-20",33,"Description434","Category6","User2"
"2015-08-19",7.99,"Description348","Category1","User2"
"2015-08-19",40,"Description347","Category4","User2"
"2015-08-18",23,"Description153","Category6","User2"
"2015-08-18",20,"Description468","Category6","User2"
"2015-08-18",18.14,"Description189","Category2","User2"
"2015-08-17",3.5,"Description306","Category1","User2"
"2015-08-17",6.26,"Description322","Category4","User2"
"2015-08-14",100,"Description456","Category1","User2"
"2015-08-14",6,"Description271","Category4","User2"
"2015-08-12",25.21,"Description185","Category2","User2"
"2015-08-11",48.3,"Description95","Category1","User2"
"2015-08-10",30,"Description158","Category6","User2"
"2015-08-10",71.07,"Description150","Category4","User2"
"2015-08-07",20,"Description468","Category6","User2"
"2015-08-07",36.67,"Description431","Category2","User2"
"2015-08-06",99.56,"Description315","Category2","User2"
"2015-08-04",5.29,"Description147","Category4","User2"
"2015-08-04",2.01,"Description147","Category4","User2"
"2015-08-04",369.47,"Description132","Category2","User2"
"2015-08-03",146.13,"Description207","Category5","User2"
"2015-07-31",74.8,"Description351","Category1","User2"
"2015-07-31",91.98,"Description291","Category5","User2"
"2015-07-31",8.47,"Description215","Category5","User2"
"2015-07-31",99,"Description215","Category5","User2"
"2015-07-31",690.06,"Description215","Category5","User2"
"2015-07-30",1001,"Description178","Category1","User2"
"2015-07-30",50.75,"Description178","Category1","User2"
"2015-07-30",26.43,"Description62","Category5","User2"
"2015-07-30",56.14,"Description62","Category5","User2"
"2015-07-29",22.42,"Description377","Category2","User2"
"2015-07-28",5.29,"Description147","Category4","User2"
"2015-07-27",39.78,"Description291","Category5","User2"
"2015-07-20",7.99,"Description295","Category1","User2"
"2015-07-20",15.58,"Description377","Category2","User2"
"2015-07-17",5.29,"Description147","Category4","User2"
"2015-07-17",2.01,"Description147","Category4","User2"
"2015-07-17",840.49,"Description12","Category3","User2"
"2017-01-18",118.5,"Description50","Category1","User1"
"2017-01-17",728.43,"Description29","Category1","User1"
"2017-01-03",1425,"Description51","Category1","User1"
"2016-12-29",641.89,"Description7","Category3","User1"
"2016-12-20",1528.89,"Description8","Category3","User1"
"2016-12-15",450.99,"Description29","Category1","User1"
"2016-11-30",641.89,"Description7","Category3","User1"
"2016-11-29",1528.89,"Description8","Category3","User1"
"2016-11-28",60,"Description15","Category3","User1"
"2016-11-16",396.35,"Description29","Category1","User1"
"2016-11-15",90,"Description15","Category3","User1"
"2016-11-14",10.95,"Description388","Category2","User1"
"2016-11-10",15,"Description476","Category6","User1"
"2016-11-10",863.59,"Description474","Category3","User1"
"2016-11-04",1425,"Description54","Category1","User1"
"2016-10-31",641.89,"Description7","Category3","User1"
"2016-10-25",1528.89,"Description8","Category3","User1"
"2016-10-20",60,"Description15","Category3","User1"
"2016-10-17",334.52,"Description29","Category1","User1"
"2016-10-13",60,"Description15","Category3","User1"
"2016-10-06",0.15,"Description59","Category1","User1"
"2016-10-06",0.21,"Description59","Category1","User1"
"2016-10-06",0.15,"Description16","Category3","User1"
"2016-10-06",0.21,"Description16","Category3","User1"
"2016-09-30",586.66,"Description7","Category3","User1"
"2016-09-27",1528.89,"Description8","Category3","User1"
"2016-09-19",7.41,"Description110","Category4","User1"
"2016-09-19",6.88,"Description245","Category4","User1"
"2016-09-16",50.42,"Description29","Category1","User1"
"2016-09-14",2,"Description243","Category5","User1"
"2016-09-14",1.59,"Description223","Category5","User1"
"2016-09-14",52.85,"Description231","Category5","User1"
"2016-09-12",3.19,"Description218","Category5","User1"
"2016-09-12",2,"Description238","Category5","User1"
"2016-09-12",106.3,"Description234","Category5","User1"
"2016-09-08",12.26,"Description85","Category2","User1"
"2016-09-06",1021.66,"Description29","Category1","User1"
"2016-09-06",1425,"Description53","Category1","User1"
"2016-09-06",48,"Description111","Category4","User1"
"2016-09-02",6.31,"Description292","Category4","User1"
"2016-09-01",59.57,"Description298","Category2","User1"
"2016-09-01",8.79,"Description393","Category4","User1"
"2016-08-31",1438.58,"Description7","Category3","User1"
"2016-08-30",1077.5,"Description49","Category1","User1"
"2016-08-30",1528.89,"Description8","Category3","User1"
"2016-08-26",60,"Description92","Category5","User1"
"2016-08-26",41.29,"Description289","Category3","User1"
"2016-08-25",23,"Description153","Category6","User1"
"2016-08-25",300,"Description87","Category3","User1"
"2016-08-22",6,"Description85","Category2","User1"
"2016-08-18",278.16,"Description8","Category3","User1"
"2016-08-17",518.1,"Description29","Category1","User1"
"2016-08-15",40.74,"Description298","Category2","User1"
"2016-08-15",36,"Description67","Category2","User1"
"2016-07-29",1438.58,"Description7","Category3","User1"
"2016-07-28",6,"Description387","Category2","User1"
"2016-07-27",367.75,"Description52","Category1","User1"
"2016-07-27",1234,"Description10","Category3","User1"
"2016-07-25",8.45,"Description214","Category4","User1"
"2016-07-22",7,"Description306","Category1","User1"
"2016-07-18",512.31,"Description29","Category1","User1"
"2016-07-15",572.95,"Description6","Category3","User1"
"2016-07-14",8,"Description387","Category2","User1"
"2016-07-12",44.99,"Description350","Category1","User1"
"2016-07-11",6.87,"Description63","Category5","User1"
"2016-07-11",5.08,"Description281","Category4","User1"
"2016-07-11",16.34,"Description208","Category2","User1"
"2016-07-07",6.25,"Description387","Category2","User1"
"2016-07-05",1272.29,"Description36","Category1","User1"
"2016-06-24",14.47,"Description283","Category4","User1"
"2016-06-23",5.5,"Description440","Category4","User1"
"2016-06-22",5.5,"Description440","Category4","User1"
"2016-06-21",16,"Description418","Category4","User1"
"2016-06-20",14.32,"Description374","Category5","User1"
"2016-06-20",5.5,"Description440","Category4","User1"
"2016-06-17",8.81,"Description441","Category4","User1"
"2016-06-16",201.08,"Description29","Category1","User1"
"2016-06-16",8.6,"Description441","Category4","User1"
"2016-06-15",7.7,"Description440","Category4","User1"
"2016-06-14",20.52,"Description437","Category4","User1"
"2016-06-13",18,"Description454","Category6","User1"
"2016-06-13",10,"Description453","Category6","User1"
"2016-06-13",19.27,"Description185","Category2","User1"
"2016-06-13",3.29,"Description115","Category5","User1"
"2016-06-10",6,"Description112","Category5","User1"
"2016-06-09",25.68,"Description127","Category5","User1"
"2016-06-06",9.63,"Description346","Category4","User1"
"2016-06-06",7.69,"Description261","Category4","User1"
"2016-06-06",7,"Description113","Category4","User1"
"2016-06-03",25.78,"Description190","Category2","User1"
"2016-06-02",11.98,"Description329","Category4","User1"
"2016-06-02",4.18,"Description4","Category4","User1"
"2016-05-31",8,"Description13","Category3","User1"
"2016-05-31",481.11,"Description7","Category3","User1"
"2016-05-27",4.72,"Description220","Category5","User1"
"2016-05-27",2,"Description240","Category5","User1"
"2016-05-27",157.41,"Description228","Category5","User1"
"2016-05-17",1183.45,"Description8","Category3","User1"
"2016-05-16",100.69,"Description29","Category1","User1"
"2016-05-09",8.9,"Description340","Category4","User1"
"2016-05-09",3.14,"Description470","Category4","User1"
"2016-05-06",9.99,"Description273","Category4","User1"
"2016-05-03",887.25,"Description308","Category6","User1"
"2016-05-03",33.31,"Description427","Category2","User1"
"2016-05-02",1289.04,"Description37","Category1","User1"
"2016-04-29",8.79,"Description393","Category4","User1"
"2016-04-29",481.11,"Description7","Category3","User1"
"2016-04-27",8.79,"Description393","Category4","User1"
"2016-04-26",838.48,"Description29","Category1","User1"
"2016-04-26",7.69,"Description147","Category4","User1"
"2016-04-26",1624.44,"Description8","Category3","User1"
"2016-04-25",7,"Description306","Category1","User1"
"2016-04-25",1.75,"Description306","Category1","User1"
"2016-04-25",374,"Description128","Category5","User1"
"2016-04-25",21,"Description435","Category6","User1"
"2016-04-25",200.2,"Description80","Category6","User1"
"2016-04-20",7.47,"Description417","Category4","User1"
"2016-04-18",20,"Description160","Category6","User1"
"2016-04-15",827.85,"Description29","Category1","User1"
"2016-04-11",24.81,"Description208","Category2","User1"
"2016-04-11",13.35,"Description185","Category2","User1"
"2016-03-31",481.11,"Description7","Category3","User1"
"2016-03-30",125.62,"Description29","Category1","User1"
"2016-03-29",1624.45,"Description8","Category3","User1"
"2016-03-15",5.25,"Description306","Category1","User1"
"2016-03-08",7.47,"Description417","Category4","User1"
"2016-03-01",20,"Description164","Category6","User1"
"2016-02-29",481.11,"Description7","Category3","User1"
"2016-02-25",30,"Description164","Category6","User1"
"2016-02-23",7.69,"Description417","Category4","User1"
"2016-02-23",1624.45,"Description8","Category3","User1"
"2016-02-16",31.52,"Description205","Category1","User1"
"2016-02-16",50,"Description163","Category6","User1"
"2016-02-16",15.97,"Description432","Category2","User1"
"2016-02-12",8.5,"Description122","Category4","User1"
"2016-02-09",50,"Description169","Category6","User1"
"2016-02-08",2.52,"Description277","Category4","User1"
"2016-02-08",58.28,"Description376","Category5","User1"
"2016-02-08",24.5,"Description214","Category4","User1"
"2016-02-08",11,"Description179","Category1","User1"
"2016-02-02",641.73,"Description32","Category1","User1"
"2016-02-02",7.73,"Description330","Category4","User1"
"2016-02-02",32.42,"Description185","Category2","User1"
"2016-02-02",50,"Description166","Category6","User1"
"2016-02-01",7,"Description306","Category1","User1"
"2016-02-01",9.89,"Description99","Category4","User1"
"2016-01-29",481.11,"Description7","Category3","User1"
"2016-01-27",2.52,"Description276","Category4","User1"
"2016-01-27",16.34,"Description208","Category2","User1"
"2016-01-27",1624.45,"Description8","Category3","User1"
"2016-01-21",7.73,"Description330","Category4","User1"
"2016-01-19",50,"Description166","Category6","User1"
"2016-01-19",7.38,"Description208","Category2","User1"
"2016-01-15",7.47,"Description417","Category4","User1"
"2016-01-15",2.97,"Description205","Category1","User1"
"2016-01-12",595.75,"Description48","Category1","User1"
"2016-01-12",31.75,"Description70","Category5","User1"
"2016-01-12",5.98,"Description480","Category5","User1"
"2016-01-11",98,"Description182","Category4","User1"
"2016-01-11",10.83,"Description212","Category4","User1"
"2016-01-11",20,"Description290","Category6","User1"
"2016-01-08",5.25,"Description306","Category1","User1"
"2016-01-05",20.14,"Description432","Category2","User1"
"2016-01-05",44.99,"Description350","Category1","User1"
"2016-01-04",650.68,"Description35","Category1","User1"
"2016-01-04",50.34,"Description185","Category2","User1"
"2016-01-04",3.98,"Description377","Category2","User1"
"2016-01-04",8.46,"Description330","Category4","User1"
"2016-01-04",15.06,"Description185","Category2","User1"
"2015-12-30",604.04,"Description7","Category3","User1"
"2015-12-29",15.88,"Description71","Category5","User1"
"2015-12-29",38,"Description373","Category4","User1"
"2015-12-22",8.47,"Description69","Category5","User1"
"2015-12-18",118.45,"Description185","Category2","User1"
"2015-12-17",1624.45,"Description8","Category3","User1"
"2015-12-16",3.9,"Description141","Category2","User1"
"2015-12-16",50,"Description171","Category6","User1"
"2015-12-16",5.81,"Description140","Category2","User1"
"2015-12-15",35.23,"Description205","Category1","User1"
"2015-12-15",23.69,"Description431","Category2","User1"
"2015-12-14",7,"Description306","Category1","User1"
"2015-12-14",1.75,"Description306","Category1","User1"
"2015-12-11",10.25,"Description122","Category4","User1"
"2015-12-08",14.99,"Description137","Category2","User1"
"2015-12-07",100.9,"Description422","Category4","User1"
"2015-12-07",50,"Description170","Category6","User1"
"2015-12-04",12.67,"Description71","Category5","User1"
"2015-12-04",10.59,"Description191","Category5","User1"
"2015-12-03",648,"Description31","Category1","User1"
"2015-12-02",5.33,"Description70","Category5","User1"
"2015-12-01",369.94,"Description191","Category5","User1"
"2015-12-01",5.29,"Description357","Category3","User1"
"2015-11-30",8.5,"Description122","Category4","User1"
"2015-11-30",50,"Description170","Category6","User1"
"2015-11-30",44.32,"Description69","Category5","User1"
"2015-11-30",6.95,"Description71","Category5","User1"
"2015-11-30",604.04,"Description7","Category3","User1"
"2015-11-27",25.05,"Description208","Category2","User1"
"2015-11-27",22.47,"Description185","Category2","User1"
"2015-11-25",10.25,"Description71","Category5","User1"
"2015-11-25",9.99,"Description71","Category5","User1"
"2015-11-25",7.14,"Description417","Category4","User1"
"2015-11-24",9.99,"Description71","Category5","User1"
"2015-11-24",6.02,"Description330","Category4","User1"
"2015-11-23",5.9,"Description351","Category1","User1"
"2015-11-23",5.9,"Description351","Category1","User1"
"2015-11-23",262.15,"Description400","Category5","User1"
"2015-11-23",18.42,"Description185","Category2","User1"
"2015-11-23",45.31,"Description148","Category5","User1"
"2015-11-23",2,"Description89","Category5","User1"
"2015-11-23",243,"Description94","Category5","User1"
"2015-11-23",262.15,"Description360","Category3","User1"
"2015-11-23",262.15,"Description360","Category3","User1"
"2015-11-20",8.5,"Description122","Category4","User1"
"2015-11-20",14.39,"Description432","Category2","User1"
"2015-11-20",5.3,"Description254","Category4","User1"
"2015-11-20",1624.45,"Description9","Category3","User1"
"2015-11-19",74.18,"Description106","Category5","User1"
"2015-11-19",50,"Description167","Category6","User1"
"2015-11-16",3.89,"Description432","Category2","User1"
"2015-11-12",50,"Description168","Category6","User1"
"2015-11-09",114.5,"Description353","Category5","User1"
"2015-11-09",32.4,"Description351","Category1","User1"
"2015-11-09",5.9,"Description351","Category1","User1"
"2015-11-09",28.68,"Description431","Category2","User1"
"2015-11-05",10.77,"Description332","Category4","User1"
"2015-11-04",78.32,"Description350","Category1","User1"
"2015-11-03",653,"Description30","Category1","User1"
"2015-11-03",50,"Description154","Category6","User1"
"2015-11-03",13.51,"Description417","Category4","User1"
"2015-10-30",540.22,"Description7","Category3","User1"
"2015-10-28",8.5,"Description122","Category4","User1"
"2015-10-27",1624.45,"Description9","Category3","User1"
"2015-10-26",50,"Description469","Category6","User1"
"2015-10-26",45.99,"Description71","Category5","User1"
"2015-10-26",14.43,"Description71","Category5","User1"
"2015-10-26",6.38,"Description391","Category4","User1"
"2015-10-21",3.5,"Description306","Category1","User1"
"2015-10-19",29.72,"Description259","Category2","User1"
"2015-10-19",23.48,"Description400","Category5","User1"
"2015-10-19",57.49,"Description185","Category2","User1"
"2015-10-19",50,"Description167","Category6","User1"
"2015-10-16",8.5,"Description122","Category4","User1"
"2015-10-09",48.3,"Description351","Category1","User1"
"2015-10-09",7.94,"Description279","Category4","User1"
"2015-10-08",50,"Description165","Category6","User1"
"2015-10-05",662.73,"Description34","Category1","User1"
"2015-10-05",7.25,"Description120","Category4","User1"
"2015-10-05",57.19,"Description367","Category5","User1"
"2015-10-01",50,"Description168","Category6","User1"
"2015-09-30",540.22,"Description7","Category3","User1"
"2015-09-29",9,"Description122","Category4","User1"
"2015-09-29",8.26,"Description431","Category2","User1"
"2015-09-29",1624.45,"Description9","Category3","User1"
"2015-09-28",1.75,"Description306","Category1","User1"
"2015-09-28",62.72,"Description315","Category2","User1"
"2015-09-28",11.04,"Description185","Category2","User1"
"2015-09-24",11.5,"Description386","Category2","User1"
"2015-09-24",50,"Description170","Category6","User1"
"2015-09-21",6.29,"Description139","Category2","User1"
"2015-09-21",1.75,"Description306","Category1","User1"
"2015-09-21",25.87,"Description400","Category5","User1"
"2015-09-18",3.61,"Description185","Category2","User1"
"2015-09-18",5.78,"Description185","Category2","User1"
"2015-09-17",11.75,"Description386","Category2","User1"
"2015-09-15",84.32,"Description457","Category1","User1"
"2015-09-15",50,"Description167","Category6","User1"
"2015-09-14",5.29,"Description129","Category5","User1"
"2015-09-09",93.44,"Description71","Category5","User1"
"2015-09-08",48.3,"Description351","Category1","User1"
"2015-09-08",2.17,"Description71","Category5","User1"
"2015-09-08",293.6,"Description400","Category5","User1"
"2015-09-08",3.5,"Description185","Category2","User1"
"2015-09-08",50,"Description165","Category6","User1"
"2015-09-04",27.87,"Description185","Category2","User1"
"2015-09-02",780.75,"Description47","Category1","User1"
"2015-09-01",671,"Description33","Category1","User1"
"2015-09-01",8.79,"Description2","Category4","User1"
"2015-08-31",3.5,"Description306","Category1","User1"
"2015-08-31",50,"Description167","Category6","User1"
"2015-08-31",1624.45,"Description289","Category3","User1"
"2015-08-26",30,"Description162","Category6","User1"
"2015-08-25",42.72,"Description298","Category2","User1"
"2015-08-24",19,"Description173","Category5","User1"
"2015-08-24",13,"Description328","Category4","User1"
"2015-08-24",8.01,"Description97","Category4","User1"
"2015-08-24",40,"Description156","Category6","User1"
"2015-08-21",13.77,"Description400","Category5","User1"
"2015-08-21",47.82,"Description185","Category2","User1"
"2015-08-20",30,"Description87","Category3","User1"
"2015-08-17",20,"Description165","Category6","User1"
"2015-08-17",31.19,"Description185","Category2","User1"
"2015-08-17",8.97,"Description322","Category4","User1"
"2015-08-12",27.84,"Description406","Category5","User1"
"2015-08-11",13.07,"Description273","Category4","User1"
"2015-08-11",1995,"Description90","Category3","User1"
"2015-08-10",700,"Description87","Category3","User1"
"2016-12-30",5.17,"Description381","Category4","User2"
"2016-12-29",30,"Description286","Category6","User2"
"2016-12-29",6.89,"Description397","Category4","User2"
"2016-12-27",23.38,"Description324","Category4","User2"
"2016-12-26",19.46,"Description368","Category2","User2"
"2016-12-26",21.89,"Description84","Category2","User2"
"2016-12-26",10.59,"Description409","Category2","User2"
"2016-12-23",15.36,"Description267","Category4","User2"
"2016-12-22",7.48,"Description472","Category2","User2"
"2016-12-20",42.72,"Description313","Category2","User2"
"2016-12-18",30,"Description286","Category6","User2"
"2016-12-18",18.87,"Description378","Category2","User2"
"2016-12-16",7.08,"Description368","Category2","User2"
"2016-12-14",13.59,"Description426","Category2","User2"
"2016-12-12",2.11,"Description146","Category4","User2"
"2016-12-12",8.43,"Description146","Category4","User2"
"2016-12-08",31.84,"Description319","Category5","User2"
"2016-12-05",61.04,"Description300","Category2","User2"
"2016-12-03",13.07,"Description409","Category2","User2"
"2016-11-26",30,"Description285","Category6","User2"
"2016-11-26",8.71,"Description409","Category2","User2"
"2016-11-25",10.67,"Description282","Category2","User2"
"2016-11-23",11.47,"Description472","Category2","User2"
"2016-11-22",55.38,"Description300","Category2","User2"
"2016-11-22",18.54,"Description313","Category2","User2"
"2016-11-18",20.75,"Description282","Category2","User2"
"2016-11-16",28.74,"Description313","Category2","User2"
"2016-11-12",29.13,"Description313","Category2","User2"
"2016-11-12",28.66,"Description300","Category2","User2"
"2016-11-06",40.84,"Description188","Category2","User2"
"2016-11-04",33.55,"Description300","Category2","User2"
"2016-11-04",41.67,"Description313","Category2","User2"
"2016-11-04",9.54,"Description145","Category5","User2"
"2016-11-01",12.56,"Description424","Category2","User2"
"2016-10-26",12.45,"Description313","Category2","User2"
"2016-10-26",17.39,"Description300","Category2","User2"
"2016-10-24",40,"Description149","Category4","User2"
"2016-10-19",25.28,"Description100","Category4","User2"
"2016-10-15",54.93,"Description300","Category2","User2"
"2016-10-15",27.26,"Description66","Category2","User2"
"2016-10-11",5.6,"Description368","Category2","User2"
"2016-10-11",3.7,"Description472","Category2","User2"
"2016-10-09",8.92,"Description429","Category2","User2"
"2016-10-07",10.95,"Description452","Category6","User2"
"2016-10-07",10.64,"Description370","Category4","User2"
"2016-10-04",8.71,"Description355","Category4","User2"
"2016-10-04",11.72,"Description174","Category2","User2"
"2016-10-03",19.98,"Description142","Category2","User2"
"2016-10-03",2.11,"Description146","Category4","User2"
"2016-09-30",227.52,"Description443","Category6","User2"
"2016-09-29",19.11,"Description442","Category6","User2"
"2016-09-28",24.1,"Description313","Category2","User2"
"2016-09-26",17.49,"Description362","Category4","User2"
"2016-09-24",19.9,"Description429","Category2","User2"
"2016-09-22",4.01,"Description146","Category4","User2"
"2016-09-21",41.78,"Description313","Category2","User2"
"2016-09-21",11,"Description324","Category4","User2"
"2016-09-20",356.22,"Description79","Category6","User2"
"2016-09-19",0,"Description335","Category6","User2"
"2016-09-19",25.28,"Description142","Category2","User2"
"2016-09-19",189.89,"Description335","Category6","User2"
"2016-09-19",174.18,"Description78","Category6","User2"
"2016-09-15",26.49,"Description383","Category5","User2"
"2016-09-12",15.2,"Description472","Category2","User2"
"2016-09-09",9.8,"Description409","Category2","User2"
"2016-09-10",24,"Description267","Category4","User2"
"2016-09-09",35.4,"Description368","Category2","User2"
"2016-09-09",19.66,"Description319","Category5","User2"
"2016-09-08",25,"Description181","Category4","User2"
"2016-09-08",22.47,"Description117","Category4","User2"
"2016-09-04",4.63,"Description258","Category2","User2"
"2016-09-04",9.99,"Description258","Category2","User2"
"2016-08-31",17.19,"Description313","Category2","User2"
"2016-08-27",17.67,"Description429","Category2","User2"
"2016-08-25",4.98,"Description472","Category2","User2"
"2016-08-22",62,"Description262","Category4","User2"
"2016-07-25",6.1,"Description146","Category4","User2"
"2016-07-23",25.75,"Description213","Category4","User2"
"2016-07-23",24,"Description324","Category4","User2"
"2016-07-22",9.18,"Description368","Category2","User2"
"2016-07-22",45,"Description267","Category4","User2"
"2016-07-19",11,"Description324","Category4","User2"
"2016-07-15",37.92,"Description424","Category2","User2"
"2016-07-03",25.4,"Description258","Category2","User2"
"2016-07-01",50,"Description262","Category4","User2"
"2016-05-16",34.16,"Description192","Category1","User2"
"2016-05-16",34.16,"Description192","Category1","User2"
"2016-05-05",77.23,"Description125","Category6","User2"
"2016-05-05",7.21,"Description309","Category4","User2"
"2016-05-03",25,"Description324","Category4","User2"
"2016-05-01",23,"Description324","Category4","User2"
"2016-05-01",7.26,"Description318","Category2","User2"
"2016-04-26",2.01,"Description146","Category4","User2"
"2016-04-25",2.01,"Description146","Category4","User2"
"2016-04-25",6.1,"Description146","Category4","User2"
"2016-04-23",6.04,"Description321","Category4","User2"
"2016-04-23",18.51,"Description311","Category4","User2"
"2016-04-22",2.01,"Description146","Category4","User2"
"2016-04-21",2.01,"Description146","Category4","User2"
"2016-04-20",22.15,"Description184","Category2","User2"
"2016-04-19",6.1,"Description146","Category4","User2"
"2016-04-15",40,"Description327","Category4","User2"
"2016-04-14",33.13,"Description297","Category2","User2"
"2016-04-13",26.28,"Description184","Category2","User2"
"2016-04-13",7.16,"Description270","Category4","User2"
"2017-01-22",9.25,"Description345","Category4","User1"
"2017-01-20",30.81,"Description296","Category2","User2"
"2017-01-22",23.02,"Description317","Category2","User2"
"2017-01-18",7.53,"Description272","Category4","User2"
